USE VIRTUAL_PT;

INSERT INTO USER (ID_USER, USERNAME, PASSWORD) VALUES (1, "bruno", "bruno");

INSERT INTO PERSON (ID_PERSON, FIRST_NAME, LAST_NAME) VALUES (1, 'Gonçalo', 'Mosqueira');
INSERT INTO PERSON (ID_PERSON, FIRST_NAME, LAST_NAME) VALUES (2, 'Tatiana', 'Costa');
INSERT INTO PERSONAL_TRAINER (ID_PERSON) VALUES (1);
INSERT INTO PERSONAL_TRAINER (ID_PERSON) VALUES (2);

INSERT INTO PERSON (ID_PERSON, FIRST_NAME, LAST_NAME) VALUES (3, 'Fat', 'Joe');
INSERT INTO PERSON (ID_PERSON, FIRST_NAME, LAST_NAME) VALUES (4, 'Monica', 'Bitch');
INSERT INTO PERSON (ID_PERSON, FIRST_NAME, LAST_NAME) VALUES (5, 'Ronald', 'Mcdonalds');
INSERT INTO PERSON (ID_PERSON, FIRST_NAME, LAST_NAME) VALUES (6, 'Gordy', 'Fatso');
INSERT INTO PERSON (ID_PERSON, FIRST_NAME, LAST_NAME) VALUES (7, 'Fat', 'Toni');
INSERT INTO PERSON (ID_PERSON, FIRST_NAME, LAST_NAME) VALUES (8, 'Ronald', 'Big Butt');
INSERT INTO PERSON (ID_PERSON, FIRST_NAME, LAST_NAME) VALUES (9, 'Fatso', 'Gerard');
INSERT INTO PERSON (ID_PERSON, FIRST_NAME, LAST_NAME) VALUES (10, 'Toni', 'Gordo');
INSERT INTO PERSON (ID_PERSON, FIRST_NAME, LAST_NAME) VALUES (11, 'Obeso', 'DaMerda');
INSERT INTO CLIENT (ID_PERSON) VALUES (3);
INSERT INTO CLIENT (ID_PERSON) VALUES (4);
INSERT INTO CLIENT (ID_PERSON) VALUES (5);
INSERT INTO CLIENT (ID_PERSON) VALUES (6);
INSERT INTO CLIENT (ID_PERSON) VALUES (7);
INSERT INTO CLIENT (ID_PERSON) VALUES (8);
INSERT INTO CLIENT (ID_PERSON) VALUES (9);
INSERT INTO CLIENT (ID_PERSON) VALUES (10);
INSERT INTO CLIENT (ID_PERSON) VALUES (11);
INSERT INTO PT_CLIENT_ASSOCIATION (ID_PT_CLIENT_ASSOCIATION, REFID_PERSONAL_TRAINER, REFID_CLIENT) VALUES (1, 1, 3);
INSERT INTO PT_CLIENT_ASSOCIATION (ID_PT_CLIENT_ASSOCIATION, REFID_PERSONAL_TRAINER, REFID_CLIENT) VALUES (2, 1, 4);
INSERT INTO PT_CLIENT_ASSOCIATION (ID_PT_CLIENT_ASSOCIATION, REFID_PERSONAL_TRAINER, REFID_CLIENT) VALUES (3, 1, 5);
INSERT INTO PT_CLIENT_ASSOCIATION (ID_PT_CLIENT_ASSOCIATION, REFID_PERSONAL_TRAINER, REFID_CLIENT) VALUES (4, 2, 6);
INSERT INTO PT_CLIENT_ASSOCIATION (ID_PT_CLIENT_ASSOCIATION, REFID_PERSONAL_TRAINER, REFID_CLIENT) VALUES (5, 2, 7);
INSERT INTO PT_CLIENT_ASSOCIATION (ID_PT_CLIENT_ASSOCIATION, REFID_PERSONAL_TRAINER, REFID_CLIENT) VALUES (6, 2, 8);
INSERT INTO PT_CLIENT_ASSOCIATION (ID_PT_CLIENT_ASSOCIATION, REFID_PERSONAL_TRAINER, REFID_CLIENT) VALUES (7, 2, 9);
INSERT INTO PT_CLIENT_ASSOCIATION (ID_PT_CLIENT_ASSOCIATION, REFID_PERSONAL_TRAINER, REFID_CLIENT) VALUES (8, 2, 10);
INSERT INTO PT_CLIENT_ASSOCIATION (ID_PT_CLIENT_ASSOCIATION, REFID_PERSONAL_TRAINER, REFID_CLIENT) VALUES (9, 2, 11);