USE VIRTUAL_PT;
INSERT INTO PERSON (ID_PERSON, FIRST_NAME, LAST_NAME) VALUES (1, 'Gonçalo', 'Mosqueira');
INSERT INTO PERSON (ID_PERSON, FIRST_NAME, LAST_NAME) VALUES (2, 'Tatiana', 'Costa');
INSERT INTO PERSONAL_TRAINER (ID_PERSON) VALUES (1);
INSERT INTO PERSONAL_TRAINER (ID_PERSON) VALUES (2);

INSERT INTO PERSON (ID_PERSON, FIRST_NAME, LAST_NAME) VALUES (3, 'Fat', 'Joe');
INSERT INTO PERSON (ID_PERSON, FIRST_NAME, LAST_NAME) VALUES (4, 'Monica', 'Bitch');
INSERT INTO PERSON (ID_PERSON, FIRST_NAME, LAST_NAME) VALUES (5, 'Ronald', 'Mcdonalds');
INSERT INTO PERSON (ID_PERSON, FIRST_NAME, LAST_NAME) VALUES (6, 'Gordy', 'Fatso');
INSERT INTO PERSON (ID_PERSON, FIRST_NAME, LAST_NAME) VALUES (7, 'Fat', 'Toni');
INSERT INTO PERSON (ID_PERSON, FIRST_NAME, LAST_NAME) VALUES (8, 'Ronald', 'Big Butt');
INSERT INTO PERSON (ID_PERSON, FIRST_NAME, LAST_NAME) VALUES (9, 'Fatso', 'Gerard');
INSERT INTO PERSON (ID_PERSON, FIRST_NAME, LAST_NAME) VALUES (10, 'Toni', 'Gordo');
INSERT INTO PERSON (ID_PERSON, FIRST_NAME, LAST_NAME) VALUES (11, 'Obeso', 'DaMerda');
INSERT INTO CLIENT (ID_PERSON) VALUES (3);
INSERT INTO CLIENT (ID_PERSON) VALUES (4);
INSERT INTO CLIENT (ID_PERSON) VALUES (5);
INSERT INTO CLIENT (ID_PERSON) VALUES (6);
INSERT INTO CLIENT (ID_PERSON) VALUES (7);
INSERT INTO CLIENT (ID_PERSON) VALUES (8);
INSERT INTO CLIENT (ID_PERSON) VALUES (9);
INSERT INTO CLIENT (ID_PERSON) VALUES (10);
INSERT INTO CLIENT (ID_PERSON) VALUES (11);
INSERT INTO PERSONAL_TRAINER_CLIENT (REFID_PERSONAL_TRAINER, REFID_CLIENT) VALUES (1, 3);
INSERT INTO PERSONAL_TRAINER_CLIENT (REFID_PERSONAL_TRAINER, REFID_CLIENT) VALUES (1, 4);
INSERT INTO PERSONAL_TRAINER_CLIENT (REFID_PERSONAL_TRAINER, REFID_CLIENT) VALUES (1, 5);
INSERT INTO PERSONAL_TRAINER_CLIENT (REFID_PERSONAL_TRAINER, REFID_CLIENT) VALUES (2, 6);
INSERT INTO PERSONAL_TRAINER_CLIENT (REFID_PERSONAL_TRAINER, REFID_CLIENT) VALUES (2, 7);
INSERT INTO PERSONAL_TRAINER_CLIENT (REFID_PERSONAL_TRAINER, REFID_CLIENT) VALUES (2, 8);
INSERT INTO PERSONAL_TRAINER_CLIENT (REFID_PERSONAL_TRAINER, REFID_CLIENT) VALUES (2, 9);
INSERT INTO PERSONAL_TRAINER_CLIENT (REFID_PERSONAL_TRAINER, REFID_CLIENT) VALUES (2, 10);
INSERT INTO PERSONAL_TRAINER_CLIENT (REFID_PERSONAL_TRAINER, REFID_CLIENT) VALUES (2, 11);